index,target,style,k_genes,threshold_mean,threshold_std,roc_auc_mean,roc_auc_std,average_precision_mean,average_precision_std,accuracy_mean,accuracy_std,balanced_accuracy_mean,balanced_accuracy_std,sensitivity_mean,sensitivity_std,specificity_mean,specificity_std,precision_mean,precision_std,f1_mean,f1_std
0,os_5yr_event,clean_repeated_cv,300,0.22436515819991598,0.05845957759588847,0.7494385008190221,0.03552703407026733,0.4902804020315147,0.059930509406825185,0.7090193918624891,0.03011724995181927,0.706329738965505,0.03108006866886089,0.7014500683994529,0.08027831512634949,0.7112094095315571,0.04897753137950118,0.41297024851672876,0.033705140233713585,0.5176501133164975,0.03343242043560329
