fold,target,style,k_genes,threshold,roc_auc,average_precision,accuracy,balanced_accuracy,sensitivity,specificity,precision,f1
1,os_5yr_event,paper_style_global_feature_selection,800,0.23156053592848666,0.7284220383955049,0.4340674471736932,0.7083333333333334,0.6962697050101452,0.6744186046511628,0.7181208053691275,0.4084507042253521,0.5087719298245614
2,os_5yr_event,paper_style_global_feature_selection,800,0.10603854380938652,0.7487564153178049,0.4769535672292925,0.6475195822454308,0.7146269245953415,0.8352941176470589,0.5939597315436241,0.3697916666666667,0.5126353790613718
3,os_5yr_event,paper_style_global_feature_selection,800,0.15940120526327295,0.7754046585076984,0.4649741511524843,0.7258485639686684,0.7313264903276747,0.7411764705882353,0.7214765100671141,0.4315068493150685,0.5454545454545454
4,os_5yr_event,paper_style_global_feature_selection,800,0.09307452729648813,0.7623766285037505,0.5090021354963968,0.6475195822454308,0.7062179234109751,0.8117647058823529,0.6006711409395973,0.3670212765957447,0.5054945054945055
5,os_5yr_event,paper_style_global_feature_selection,800,0.14943791779157267,0.8168506773157936,0.594497568222387,0.7154046997389034,0.7462806358155195,0.8023255813953488,0.6902356902356902,0.42857142857142855,0.5587044534412956
