index,target,style,k_genes,threshold_mean,threshold_std,roc_auc_mean,roc_auc_std,average_precision_mean,average_precision_std,accuracy_mean,accuracy_std,balanced_accuracy_mean,balanced_accuracy_std,sensitivity_mean,sensitivity_std,specificity_mean,specificity_std,precision_mean,precision_std,f1_mean,f1_std
0,os_5yr_event,paper_style_global_feature_selection,800,0.1479025460178414,0.054525090840443186,0.7663620836081104,0.03315175973634679,0.49589897385485077,0.06130209302985025,0.6889251523063533,0.03830804326748302,0.7189443358319312,0.01997080082612851,0.7729958960328317,0.06514268510101238,0.6648927756310307,0.06291486425944562,0.4010683850748521,0.03112416606549636,0.5262121626552559,0.024206044433639613
