fold,target,style,k_genes,threshold,roc_auc,average_precision,accuracy,balanced_accuracy,sensitivity,specificity,precision,f1
1,os_event,paper_style_global_feature_selection,800,0.479061567183594,0.8113251879699248,0.8471800774306196,0.7449494949494949,0.7291666666666667,0.8333333333333334,0.625,0.7509881422924901,0.7900207900207901
2,os_event,paper_style_global_feature_selection,800,0.5143178101499705,0.7795791562238931,0.8268834081099388,0.7121212121212122,0.7108395989974937,0.7192982456140351,0.7023809523809523,0.7663551401869159,0.7420814479638009
3,os_event,paper_style_global_feature_selection,800,0.5972147242764578,0.787621264022174,0.8184484076404932,0.7196969696969697,0.7252176868969484,0.6899563318777293,0.7604790419161677,0.797979797979798,0.7400468384074942
4,os_event,paper_style_global_feature_selection,800,0.6048556066691911,0.7274272415866956,0.7816837107015429,0.6843434343434344,0.6857333368198102,0.6768558951965066,0.6946107784431138,0.7524271844660194,0.7126436781609196
5,os_event,paper_style_global_feature_selection,800,0.5755512431589845,0.7557461496221531,0.8099762299105902,0.6944444444444444,0.6863609026488509,0.7379912663755459,0.6347305389221557,0.7347826086956522,0.7363834422657952
