index,target,style,k_genes,threshold_mean,threshold_std,roc_auc_mean,roc_auc_std,average_precision_mean,average_precision_std,accuracy_mean,accuracy_std,balanced_accuracy_mean,balanced_accuracy_std,sensitivity_mean,sensitivity_std,specificity_mean,specificity_std,precision_mean,precision_std,f1_mean,f1_std
0,os_event,paper_style_global_feature_selection,800,0.5542001902876396,0.05501932780668056,0.7723397998849681,0.03200890123252312,0.8168343667586369,0.024015896706696273,0.711111111111111,0.02352689838151949,0.7074636384059539,0.02070722245304997,0.73148701447943,0.06179178916883159,0.6834402623324779,0.05524130054957436,0.760506574724175,0.023748935293368703,0.74423523936376,0.02818765521390911
