benchmark,auc_mean,auc_std,accuracy_mean,sensitivity_mean,specificity_mean,f1_mean
Clean repeated CV 5-year survival,0.7494385008190221,0.03552703407026733,0.7090193918624891,0.7014500683994529,0.7112094095315571,0.5176501133164975
Paper-style CV 5-year survival,0.7663620836081104,0.033151759736346785,0.6889251523063533,0.7729958960328317,0.6648927756310306,0.5262121626552559
Paper-style CV overall survival status,0.7723397998849681,0.0320089012325231,0.711111111111111,0.73148701447943,0.6834402623324779,0.7442352393637599
Cox clinical + transcriptomic survival analysis,0.6820606530446499,,,,,
