{
  "model": "lightgbm_smote",
  "k_genes": 800,
  "use_smote_train_only": true,
  "validation_auc": 0.7230576441102758,
  "validation_average_precision": 0.7646133534980998,
  "threshold_mode": "balanced_accuracy_threshold",
  "holdout_roc_auc": 0.7589885730721962,
  "holdout_average_precision": 0.7925509016083407,
  "holdout_accuracy": 0.7045454545454546,
  "holdout_balanced_accuracy": 0.69590513296551,
  "holdout_sensitivity_recall": 0.7510917030567685,
  "holdout_specificity": 0.6407185628742516,
  "holdout_precision": 0.7413793103448276,
  "holdout_f1": 0.7462039045553145,
  "holdout_threshold": 0.5451533854253752,
  "holdout_tn": 107.0,
  "holdout_fp": 60.0,
  "holdout_fn": 57.0,
  "holdout_tp": 172.0,
  "holdout_brier_score": 0.20475066469874925,
  "samples": 1980,
  "events": 1143
}