{
  "model": "lightgbm_balanced",
  "k_genes": 800,
  "use_smote_train_only": false,
  "validation_auc": 0.7616660086853533,
  "validation_average_precision": 0.5132621491492602,
  "threshold_mode": "balanced_accuracy_threshold",
  "holdout_roc_auc": 0.7892149211799594,
  "holdout_average_precision": 0.510547843268916,
  "holdout_accuracy": 0.7265625,
  "holdout_balanced_accuracy": 0.732831278289371,
  "holdout_sensitivity_recall": 0.7441860465116279,
  "holdout_specificity": 0.7214765100671141,
  "holdout_precision": 0.43537414965986393,
  "holdout_f1": 0.5493562231759657,
  "holdout_threshold": 0.1314287223475848,
  "holdout_tn": 215.0,
  "holdout_fp": 83.0,
  "holdout_fn": 22.0,
  "holdout_tp": 64.0,
  "holdout_brier_score": 0.14556727691310747,
  "samples": 1916,
  "events": 427
}