model,roc_auc,average_precision,brier_score
weighted_logreg_C1,0.6393393848777474,0.008195749811037753,0.004773208603618287
weighted_logreg_C0.25,0.6392970792029087,0.008196061142900555,0.00477321048571428
weighted_categorical_nb,0.6237437412194226,0.00781306730563438,0.004780366598883059
