model,type,validation_auc,holdout_roc_auc,holdout_average_precision,holdout_accuracy,holdout_balanced_accuracy,holdout_sensitivity_recall,holdout_specificity,holdout_precision,holdout_f1,holdout_threshold,holdout_tn,holdout_fp,holdout_fn,holdout_tp
lightgbm,base,0.7604421634425582,0.7888637427813329,0.5100002442273176,0.6979166666666666,0.7185110035898237,0.7558139534883721,0.6812080536912751,0.40625,0.5284552845528455,0.09843231968367094,203.0,95.0,21.0,65.0
hist_gradient,base,0.7581918673509671,0.784844701108163,0.4880151072309922,0.7135416666666666,0.7203059154050258,0.7325581395348837,0.7080536912751678,0.42,0.5338983050847458,0.13368411225641577,211.0,87.0,23.0,63.0
lightgbm_smote,base,0.7305171733122778,0.7811378180115498,0.4851915787026265,0.75,0.7065709380365226,0.627906976744186,0.785234899328859,0.4576271186440678,0.5294117647058824,0.24702305560470011,234.0,64.0,32.0,54.0
xgboost_smote,base,0.7238847216739044,0.7805915405025753,0.497031010422511,0.7630208333333334,0.7025518963633526,0.5930232558139535,0.8120805369127517,0.4766355140186916,0.5284974093264249,0.45626984979167134,242.0,56.0,35.0,51.0
hybrid_weighted_blend,hybrid,0.7674299249901304,0.7774309349149369,0.49207918567449416,0.765625,0.7125019509911035,0.6162790697674418,0.8087248322147651,0.4818181818181818,0.5408163265306123,0.3275483916191779,241.0,57.0,33.0,53.0
xgboost,base,0.7561389656533755,0.7770797565163102,0.499641974362221,0.7447916666666666,0.7114874356172936,0.6511627906976745,0.7718120805369127,0.45161290322580644,0.5333333333333333,0.46872642678443827,230.0,68.0,30.0,56.0
extra_trees,base,0.7282273983418871,0.7402060246605274,0.4270753574412483,0.6223958333333334,0.673989386608397,0.7674418604651163,0.5805369127516778,0.34554973821989526,0.47653429602888087,0.2139955053750127,173.0,125.0,20.0,66.0
logreg,base,0.7241610738255033,0.6939675355080381,0.3817012645986587,0.5104166666666666,0.6183861401592009,0.813953488372093,0.4228187919463087,0.2892561983471074,0.4268292682926829,0.11166707936582297,126.0,172.0,16.0,70.0
