model,type,roc_auc,average_precision,accuracy,balanced_accuracy,sensitivity_recall,specificity,precision,f1,threshold,tn,fp,fn,tp,baseline_event_rate_percent,top_decile_event_rate_percent,top_decile_lift,top_decile_event_capture_percent
lightgbm_balanced_weight,base,0.6492140475882368,0.008685948922693556,0.5478850364383575,0.6085491075541585,0.6698014629049112,0.5472967522034058,0.007088721449741223,0.014028969859236103,0.4903590615111187,325635.0,269353.0,948.0,1923.0,0.48021356206061966,1.0370667737187207,2.1595949295322208,21.59526297457332
lightgbm,base,0.648432386919086,0.008561383298155149,0.5705642969328889,0.6098911853809721,0.6495994427028909,0.5701829280590532,0.007239878727178854,0.014320157252986885,0.0049419114964563615,339252.0,255736.0,1006.0,1865.0,0.48021356206061966,1.0370494271138244,2.1595588068437617,21.59526297457332
xgboost,base,0.6481051251534597,0.008576642890603345,0.5396874513890398,0.6108431918545909,0.6826889585510275,0.5389974251581544,0.007094996941187543,0.014044038090870658,0.0047722271429092595,320697.0,274291.0,911.0,1960.0,0.48021356206061966,1.0242334984603025,2.132870829522738,21.316614420062695
xgboost_balanced_weight,base,0.647612715420371,0.00852347386271246,0.5431163535214825,0.6103128207589079,0.6781609195402298,0.5424647219775861,0.007101303911735205,0.014055427618518225,0.4942683721130544,322760.0,272228.0,924.0,1947.0,0.48021356206061966,1.0238393977415308,2.132050151495485,21.316614420062695
hybrid_weighted_blend,hybrid,0.6448898417644006,0.008280832191865468,0.5349020421202992,0.6086122566783261,0.6830372692441657,0.5341872441124863,0.007025803076878981,0.013908541234462826,0.25322553298178424,317835.0,277153.0,910.0,1961.0,0.48021356206061966,0.9835571985347005,2.0481662248650556,20.480668756530825
logreg_balanced_weight,base,0.6446423307064136,0.008265319179391365,0.5234110383886502,0.608211795797903,0.6938349007314525,0.5225886908643536,0.006963914894807129,0.013789427413409388,0.48123365022101616,310934.0,284054.0,879.0,1992.0,0.48021356206061966,0.9762387179959477,2.032926171028698,20.306513409961685
logreg,base,0.6393393848777474,0.008195749811037753,0.5506281581443117,0.6035146318508742,0.6569139672587948,0.5501152964429534,0.006996535119935302,0.013845606075622264,0.004628274751017257,327312.0,267676.0,985.0,1886.0,0.48021356206061966,1.0120272327328081,2.107452418440975,21.0727969348659
