model,roc_auc,average_precision,brier_score,expected_calibration_error,mean_predicted_risk_percent,observed_event_rate_percent
raw_logistic,0.6369502461355836,0.008105291914956252,0.004773433775304769,4.814965985897729e-06,0.4806950586592094,0.48021356206061966
isotonic,0.6345466246939484,0.007680288648916199,0.004774090928261644,7.584812700827375e-05,0.487798374761447,0.48021356206061966
platt_scaled,0.36304975386441646,0.0034151365953645355,0.004779105065589797,0.0001693615969197565,0.4971497217525953,0.48021356206061966
