bin,lower,upper,weight,mean_predicted,observed_rate,abs_gap
1,0.0,0.1,597848.0,0.004875773583527986,0.0048022239766629645,7.354960686502179e-05
2,0.1,0.2,11.0,0.125,0.0,0.125
3,0.2,0.30000000000000004,0.0,,,
4,0.30000000000000004,0.4,0.0,,,
5,0.4,0.5,0.0,,,
6,0.5,0.6000000000000001,0.0,,,
7,0.6000000000000001,0.7000000000000001,0.0,,,
8,0.7000000000000001,0.8,0.0,,,
9,0.8,0.9,0.0,,,
10,0.9,1.0,0.0,,,
