task,samples,positive_rate,roc_auc,accuracy,balanced_accuracy,sensitivity,specificity,precision,f1
HER2_STATUS prediction,1980,0.12474747474747475,0.9999411868493795,0.9949494949494949,0.9795918367346939,0.9591836734693877,1.0,1.0,0.9791666666666666
PR_STATUS prediction,1980,0.5252525252525253,0.999514116202946,0.9924242424242424,0.9927884615384616,0.9855769230769231,1.0,1.0,0.9927360774818402
ER_STATUS prediction,1980,0.7606060606060606,0.9994404616191642,0.9823232323232324,0.9775660080433642,0.9867109634551495,0.968421052631579,0.99,0.9883527454242929
