model,k_genes,signature_features,validation_auc,holdout_roc_auc,holdout_average_precision,holdout_accuracy,holdout_balanced_accuracy,holdout_sensitivity,holdout_specificity,holdout_precision,holdout_f1,holdout_threshold
signature_xgboost,300,14,0.7434662455586261,0.7795770251287655,0.46734558980894053,0.765625,0.679413141876073,0.5232558139534884,0.8355704697986577,0.4787234042553192,0.5,0.5447224794012127
signature_xgboost,100,14,0.7628503750493485,0.7730607148431403,0.4611291821419148,0.6953125,0.6878804432651787,0.6744186046511628,0.7013422818791947,0.3945578231292517,0.4978540772532189,0.44605531952597893
signature_lightgbm,300,14,0.7422818791946308,0.7635008584360855,0.44584164556429595,0.7161458333333334,0.680622756360231,0.6162790697674418,0.7449664429530202,0.4108527131782946,0.4930232558139535,0.20432197975862265
signature_xgboost,50,14,0.7689696012633241,0.762759481816763,0.44388311457380825,0.6875,0.7200717964726081,0.7790697674418605,0.6610738255033557,0.39880952380952384,0.5275590551181102,0.39861199049636564
signature_lightgbm,100,14,0.7380576391630477,0.7490245044482597,0.4341945150297866,0.7369791666666666,0.698181676291556,0.627906976744186,0.7684563758389261,0.43902439024390244,0.5167464114832536,0.24515340678223765
signature_lightgbm,50,14,0.7509277536517963,0.7319338223817701,0.3843205814492384,0.7239583333333334,0.6856563134072109,0.6162790697674418,0.7550335570469798,0.42063492063492064,0.5,0.25068932706938074
