model,features,roc_auc,average_precision,accuracy,balanced_accuracy,sensitivity,specificity,precision,f1,threshold,baseline_event_rate_percent,top_decile_event_rate_percent,top_decile_lift,top_decile_event_capture_percent
interaction_xgboost_balanced_weight,21,0.6486491289363002,0.008518829372285193,0.5727086152420554,0.6104485730526001,0.6485545106234761,0.572342635481724,0.007264555445880622,0.014368170874745354,0.5009040635282344,0.48021356206061966,1.0437575270975512,2.173527800045332,21.73458725182863
interaction_logreg_balanced_weight,21,0.6444163029486223,0.00828333195818447,0.4947671608188553,0.6052595388258895,0.7168234064785789,0.4936956711732001,0.006785293914006786,0.013443336142193655,0.47548072215744497,0.48021356206061966,0.9753730843873385,2.0311235696925456,20.306513409961685
interaction_lightgbm_balanced_weight,21,0.6441752913821721,0.008452849661054552,0.5108863461117086,0.6048655868035302,0.6997561825148032,0.5099749910922573,0.0068433889252234575,0.013554221947854364,0.4682372289668042,0.48021356206061966,1.008749184468943,2.1006261883574284,21.003134796238246
